10002,Antonio Lim,2025-03-06,Approved,Eduarda Hernandez,10005,03/11/2025 - 01:09:57 AM
10002,Antonio Lim,2025-03-07,Approved,Eduarda Hernandez,10005,03/11/2025 - 01:23:56 AM
10003,Bianca Sofia Aquino,2025-03-07,Approved,Bianca Sofia Aquino,10003,03/11/2025 - 12:51:49 AM
10001,Manuel III Garcia,2025-03-10,Approved,Bianca Sofia Aquino,10003,03/10/2025 - 05:36:18 PM
10002,Antonio Lim,2025-03-11,Approved,Eduarda Hernandez,10005,03/11/2025 - 01:24:16 AM
10001,Manuel III Garcia,2025-03-11,Approved,Bianca Sofia Aquino,10003,03/11/2025 - 01:39:45 AM
10006,Andrea Mae Villanueva,2025-03-12,Approved,Eduarda Hernandez,10005,03/12/2025 - 01:27:13 AM
10002,Antonio Lim,03-12-2025,Approved,Eduarda Hernandez,10005,03/12/2025 - 01:36:21 AM
10006,Andrea Mae Villanueva,2025-03-12,Approved,Bianca Sofia Aquino,10003,03/13/2025 - 04:32:37 AM
10002,Antonio Lim,03-12-2025,Approved,Bianca Sofia Aquino,10003,03/13/2025 - 10:59:14 AM
10006,Andrea Mae Villanueva,2025-03-12,Approved,Bianca Sofia Aquino,10003,03/13/2025 - 11:00:31 AM
10002,Antonio Lim,03-12-2025,Approved,Bianca Sofia Aquino,10003,03/14/2025 - 02:13:55 AM
10006,Andrea Mae Villanueva,2025-03-12,Approved,Bianca Sofia Aquino,10003,03/14/2025 - 02:19:52 AM
10002,Antonio Lim,03-12-2025,Approved,Eduarda Hernandez,10005,03/14/2025 - 02:28:26 AM
10006,Andrea Mae Villanueva,2025-03-12,Pending
10002,Antonio Lim,03-12-2025,Pending
10006,Andrea Mae Villanueva,2025-03-12,Pending
10002,Antonio Lim,03-12-2025,Pending
10006,Andrea Mae Villanueva,2025-03-12,Pending
10002,Antonio Lim,03-12-2025,Pending
10007,Brad San Jose,03-14-2025,Approved,Eduarda Hernandez,10005,03/14/2025 - 02:25:15 AM
